Subject.id,Trial,ToM.level,Correct.answer,Subject.answer,Is.subject.correct,Model.predictions,Is.model.correct
03313a39-ebe9-4b63-9be1-fd6d2c74847c,1,2,"September, 14","September, 14",True,"['September, 14', 'September, 14', 'September, 14']","[True, True, True]"
03313a39-ebe9-4b63-9be1-fd6d2c74847c,2,3,"September, 15",Multiple solutions,False,"['September, 15', 'No solution', 'September, 15']","[True, False, True]"
03313a39-ebe9-4b63-9be1-fd6d2c74847c,3,4,"May, 18","June, 15",False,"['May, 18', 'No solution', 'No solution']","[True, False, False]"
03313a39-ebe9-4b63-9be1-fd6d2c74847c,4,1,"May, 15","May, 15",True,"['May, 15', 'May, 15', 'May, 15']","[True, True, True]"
03313a39-ebe9-4b63-9be1-fd6d2c74847c,5,2,"September, 14","September, 14",True,"['September, 14', 'September, 14', 'September, 14']","[True, True, True]"
03313a39-ebe9-4b63-9be1-fd6d2c74847c,6,4,"May, 18","June, 15",False,"['May, 18', 'No solution', 'No solution']","[True, False, False]"
03313a39-ebe9-4b63-9be1-fd6d2c74847c,7,1,"May, 15","May, 15",True,"['May, 15', 'May, 15', 'May, 15']","[True, True, True]"
03313a39-ebe9-4b63-9be1-fd6d2c74847c,8,3,"September, 15","September, 15",True,"['September, 15', 'No solution', 'September, 15']","[True, False, True]"
0702a86a-b28e-4696-8985-c62f54d8eaac,1,3,"September, 15",No solution,False,"['September, 15', 'No solution', 'September, 15']","[True, False, True]"
0702a86a-b28e-4696-8985-c62f54d8eaac,2,4,"May, 18",I don't know,False,"['May, 18', 'No solution', 'No solution']","[True, False, False]"
0702a86a-b28e-4696-8985-c62f54d8eaac,3,2,"September, 14",I don't know,False,"['September, 14', 'September, 14', 'September, 14']","[True, True, True]"
0702a86a-b28e-4696-8985-c62f54d8eaac,4,1,"May, 15",I don't know,False,"['May, 15', 'May, 15', 'May, 15']","[True, True, True]"
0702a86a-b28e-4696-8985-c62f54d8eaac,5,4,"May, 18",I don't know,False,"['May, 18', 'No solution', 'No solution']","[True, False, False]"
0702a86a-b28e-4696-8985-c62f54d8eaac,6,3,"September, 15",I don't know,False,"['September, 15', 'No solution', 'September, 15']","[True, False, True]"
0702a86a-b28e-4696-8985-c62f54d8eaac,7,1,"May, 15",I don't know,False,"['May, 15', 'May, 15', 'May, 15']","[True, True, True]"
0702a86a-b28e-4696-8985-c62f54d8eaac,8,2,"September, 14",I don't know,False,"['September, 14', 'September, 14', 'September, 14']","[True, True, True]"
078dfd8b-a088-4749-b4cd-2b0f0f9870f9,1,4,"May, 18","August, 17",False,"['May, 18', 'No solution', 'No solution']","[True, False, False]"
078dfd8b-a088-4749-b4cd-2b0f0f9870f9,2,3,"September, 15","September, 15",True,"['September, 15', 'No solution', 'September, 15']","[True, False, True]"
078dfd8b-a088-4749-b4cd-2b0f0f9870f9,3,1,"May, 15","May, 15",True,"['May, 15', 'May, 15', 'May, 15']","[True, True, True]"
078dfd8b-a088-4749-b4cd-2b0f0f9870f9,4,2,"September, 14","August, 15",False,"['September, 14', 'September, 14', 'September, 14']","[True, True, True]"
078dfd8b-a088-4749-b4cd-2b0f0f9870f9,5,4,"May, 18",Multiple solutions,False,"['May, 18', 'No solution', 'No solution']","[True, False, False]"
078dfd8b-a088-4749-b4cd-2b0f0f9870f9,6,1,"May, 15","May, 15",True,"['May, 15', 'May, 15', 'May, 15']","[True, True, True]"
078dfd8b-a088-4749-b4cd-2b0f0f9870f9,7,2,"September, 14",Multiple solutions,False,"['September, 14', 'September, 14', 'September, 14']","[True, True, True]"
078dfd8b-a088-4749-b4cd-2b0f0f9870f9,8,3,"September, 15",Multiple solutions,False,"['September, 15', 'No solution', 'September, 15']","[True, False, True]"
0a228ea2-90e7-4a10-b62d-465cbaa94c42,1,2,"September, 14","June, 14",False,"['September, 14', 'September, 14', 'September, 14']","[True, True, True]"
0a228ea2-90e7-4a10-b62d-465cbaa94c42,2,4,"May, 18",Multiple solutions,False,"['May, 18', 'No solution', 'No solution']","[True, False, False]"
0a228ea2-90e7-4a10-b62d-465cbaa94c42,3,1,"May, 15",Multiple solutions,False,"['May, 15', 'May, 15', 'May, 15']","[True, True, True]"
0a228ea2-90e7-4a10-b62d-465cbaa94c42,4,3,"September, 15",Multiple solutions,False,"['September, 15', 'No solution', 'September, 15']","[True, False, True]"
0a228ea2-90e7-4a10-b62d-465cbaa94c42,5,4,"May, 18",Multiple solutions,False,"['May, 18', 'No solution', 'No solution']","[True, False, False]"
0a228ea2-90e7-4a10-b62d-465cbaa94c42,6,3,"September, 15","May, 18",False,"['September, 15', 'No solution', 'September, 15']","[True, False, True]"
0a228ea2-90e7-4a10-b62d-465cbaa94c42,7,2,"September, 14","June, 14",False,"['September, 14', 'September, 14', 'September, 14']","[True, True, True]"
0a228ea2-90e7-4a10-b62d-465cbaa94c42,8,1,"May, 15",Multiple solutions,False,"['May, 15', 'May, 15', 'May, 15']","[True, True, True]"
139c15f2-dd11-486e-a01d-5274f320c7fc,1,3,"September, 15","May, 18",False,"['September, 15', 'No solution', 'September, 15']","[True, False, True]"
139c15f2-dd11-486e-a01d-5274f320c7fc,2,4,"May, 18","June, 14",False,"['May, 18', 'No solution', 'No solution']","[True, False, False]"
139c15f2-dd11-486e-a01d-5274f320c7fc,3,1,"May, 15","May, 15",True,"['May, 15', 'May, 15', 'May, 15']","[True, True, True]"
139c15f2-dd11-486e-a01d-5274f320c7fc,4,2,"September, 14","September, 15",False,"['September, 14', 'September, 14', 'September, 14']","[True, True, True]"
139c15f2-dd11-486e-a01d-5274f320c7fc,5,3,"September, 15",Multiple solutions,False,"['September, 15', 'No solution', 'September, 15']","[True, False, True]"
139c15f2-dd11-486e-a01d-5274f320c7fc,6,4,"May, 18","June, 14",False,"['May, 18', 'No solution', 'No solution']","[True, False, False]"
139c15f2-dd11-486e-a01d-5274f320c7fc,7,1,"May, 15","May, 15",True,"['May, 15', 'May, 15', 'May, 15']","[True, True, True]"
139c15f2-dd11-486e-a01d-5274f320c7fc,8,2,"September, 14","September, 15",False,"['September, 14', 'September, 14', 'September, 14']","[True, True, True]"
18b3380f-0660-4488-a529-b75f1adb1adb,1,4,"May, 18",No solution,False,"['May, 18', 'No solution', 'No solution']","[True, False, False]"
18b3380f-0660-4488-a529-b75f1adb1adb,2,1,"May, 15","May, 15",True,"['May, 15', 'May, 15', 'May, 15']","[True, True, True]"
18b3380f-0660-4488-a529-b75f1adb1adb,3,2,"September, 14","June, 14",False,"['September, 14', 'September, 14', 'September, 14']","[True, True, True]"
18b3380f-0660-4488-a529-b75f1adb1adb,4,3,"September, 15","May, 18",False,"['September, 15', 'No solution', 'September, 15']","[True, False, True]"
18b3380f-0660-4488-a529-b75f1adb1adb,5,2,"September, 14","June, 14",False,"['September, 14', 'September, 14', 'September, 14']","[True, True, True]"
18b3380f-0660-4488-a529-b75f1adb1adb,6,1,"May, 15",No solution,False,"['May, 15', 'May, 15', 'May, 15']","[True, True, True]"
18b3380f-0660-4488-a529-b75f1adb1adb,7,4,"May, 18",No solution,False,"['May, 18', 'No solution', 'No solution']","[True, False, False]"
18b3380f-0660-4488-a529-b75f1adb1adb,8,3,"September, 15",No solution,False,"['September, 15', 'No solution', 'September, 15']","[True, False, True]"
20983d7a-9286-4403-b97a-35469952e594,1,4,"May, 18","June, 14",False,"['May, 18', 'No solution', 'No solution']","[True, False, False]"
20983d7a-9286-4403-b97a-35469952e594,2,1,"May, 15","May, 15",True,"['May, 15', 'May, 15', 'May, 15']","[True, True, True]"
20983d7a-9286-4403-b97a-35469952e594,3,2,"September, 14","July, 18",False,"['September, 14', 'September, 14', 'September, 14']","[True, True, True]"
20983d7a-9286-4403-b97a-35469952e594,4,3,"September, 15","July, 14",False,"['September, 15', 'No solution', 'September, 15']","[True, False, True]"
20983d7a-9286-4403-b97a-35469952e594,5,3,"September, 15","May, 18",False,"['September, 15', 'No solution', 'September, 15']","[True, False, True]"
20983d7a-9286-4403-b97a-35469952e594,6,4,"May, 18",No solution,False,"['May, 18', 'No solution', 'No solution']","[True, False, False]"
20983d7a-9286-4403-b97a-35469952e594,7,1,"May, 15","May, 15",True,"['May, 15', 'May, 15', 'May, 15']","[True, True, True]"
20983d7a-9286-4403-b97a-35469952e594,8,2,"September, 14","September, 14",True,"['September, 14', 'September, 14', 'September, 14']","[True, True, True]"
21463ffd-bdd7-4209-947a-7718f87bd099,1,3,"September, 15","May, 18",False,"['September, 15', 'No solution', 'September, 15']","[True, False, True]"
21463ffd-bdd7-4209-947a-7718f87bd099,2,1,"May, 15","May, 15",True,"['May, 15', 'May, 15', 'May, 15']","[True, True, True]"
21463ffd-bdd7-4209-947a-7718f87bd099,3,4,"May, 18","June, 15",False,"['May, 18', 'No solution', 'No solution']","[True, False, False]"
21463ffd-bdd7-4209-947a-7718f87bd099,4,2,"September, 14","September, 15",False,"['September, 14', 'September, 14', 'September, 14']","[True, True, True]"
21463ffd-bdd7-4209-947a-7718f87bd099,5,2,"September, 14","September, 14",True,"['September, 14', 'September, 14', 'September, 14']","[True, True, True]"
21463ffd-bdd7-4209-947a-7718f87bd099,6,1,"May, 15","May, 15",True,"['May, 15', 'May, 15', 'May, 15']","[True, True, True]"
21463ffd-bdd7-4209-947a-7718f87bd099,7,4,"May, 18",Multiple solutions,False,"['May, 18', 'No solution', 'No solution']","[True, False, False]"
21463ffd-bdd7-4209-947a-7718f87bd099,8,3,"September, 15",Multiple solutions,False,"['September, 15', 'No solution', 'September, 15']","[True, False, True]"
21aa0cfc-b776-4895-a3fb-8d30221c7d14,1,3,"September, 15","September, 16",False,"['September, 15', 'No solution', 'September, 15']","[True, False, True]"
21aa0cfc-b776-4895-a3fb-8d30221c7d14,2,4,"May, 18",Multiple solutions,False,"['May, 18', 'No solution', 'No solution']","[True, False, False]"
21aa0cfc-b776-4895-a3fb-8d30221c7d14,3,1,"May, 15","May, 15",True,"['May, 15', 'May, 15', 'May, 15']","[True, True, True]"
21aa0cfc-b776-4895-a3fb-8d30221c7d14,4,2,"September, 14","September, 14",True,"['September, 14', 'September, 14', 'September, 14']","[True, True, True]"
21aa0cfc-b776-4895-a3fb-8d30221c7d14,5,2,"September, 14","September, 14",True,"['September, 14', 'September, 14', 'September, 14']","[True, True, True]"
21aa0cfc-b776-4895-a3fb-8d30221c7d14,6,4,"May, 18","June, 15",False,"['May, 18', 'No solution', 'No solution']","[True, False, False]"
21aa0cfc-b776-4895-a3fb-8d30221c7d14,7,1,"May, 15","May, 15",True,"['May, 15', 'May, 15', 'May, 15']","[True, True, True]"
21aa0cfc-b776-4895-a3fb-8d30221c7d14,8,3,"September, 15","September, 15",True,"['September, 15', 'No solution', 'September, 15']","[True, False, True]"
38d9133a-6cd8-4748-a00a-20acc4afc74f,1,3,"September, 15","September, 15",True,"['September, 15', 'No solution', 'September, 15']","[True, False, True]"
38d9133a-6cd8-4748-a00a-20acc4afc74f,2,1,"May, 15","May, 15",True,"['May, 15', 'May, 15', 'May, 15']","[True, True, True]"
38d9133a-6cd8-4748-a00a-20acc4afc74f,3,4,"May, 18","May, 18",True,"['May, 18', 'No solution', 'No solution']","[True, False, False]"
38d9133a-6cd8-4748-a00a-20acc4afc74f,4,2,"September, 14","September, 14",True,"['September, 14', 'September, 14', 'September, 14']","[True, True, True]"
38d9133a-6cd8-4748-a00a-20acc4afc74f,5,4,"May, 18","July, 17",False,"['May, 18', 'No solution', 'No solution']","[True, False, False]"
38d9133a-6cd8-4748-a00a-20acc4afc74f,6,1,"May, 15","May, 15",True,"['May, 15', 'May, 15', 'May, 15']","[True, True, True]"
38d9133a-6cd8-4748-a00a-20acc4afc74f,7,2,"September, 14","September, 14",True,"['September, 14', 'September, 14', 'September, 14']","[True, True, True]"
38d9133a-6cd8-4748-a00a-20acc4afc74f,8,3,"September, 15","September, 15",True,"['September, 15', 'No solution', 'September, 15']","[True, False, True]"
3ac3839b-9b69-4cb0-b13c-f777d6811988,1,3,"September, 15","September, 15",True,"['September, 15', 'No solution', 'September, 15']","[True, False, True]"
3ac3839b-9b69-4cb0-b13c-f777d6811988,2,1,"May, 15","May, 15",True,"['May, 15', 'May, 15', 'May, 15']","[True, True, True]"
3ac3839b-9b69-4cb0-b13c-f777d6811988,3,4,"May, 18","May, 15",False,"['May, 18', 'No solution', 'No solution']","[True, False, False]"
3ac3839b-9b69-4cb0-b13c-f777d6811988,4,2,"September, 14","September, 14",True,"['September, 14', 'September, 14', 'September, 14']","[True, True, True]"
3ac3839b-9b69-4cb0-b13c-f777d6811988,5,3,"September, 15","September, 15",True,"['September, 15', 'No solution', 'September, 15']","[True, False, True]"
3ac3839b-9b69-4cb0-b13c-f777d6811988,6,4,"May, 18","May, 15",False,"['May, 18', 'No solution', 'No solution']","[True, False, False]"
3ac3839b-9b69-4cb0-b13c-f777d6811988,7,1,"May, 15","May, 15",True,"['May, 15', 'May, 15', 'May, 15']","[True, True, True]"
3e7c54c8-ee87-40b8-a094-7b6dd953f38a,1,4,"May, 18",I don't know,False,"['May, 18', 'No solution', 'No solution']","[True, False, False]"
3e7c54c8-ee87-40b8-a094-7b6dd953f38a,2,3,"September, 15",No solution,False,"['September, 15', 'No solution', 'September, 15']","[True, False, True]"
3e7c54c8-ee87-40b8-a094-7b6dd953f38a,3,1,"May, 15","May, 15",True,"['May, 15', 'May, 15', 'May, 15']","[True, True, True]"
3e7c54c8-ee87-40b8-a094-7b6dd953f38a,4,2,"September, 14","September, 14",True,"['September, 14', 'September, 14', 'September, 14']","[True, True, True]"
3e7c54c8-ee87-40b8-a094-7b6dd953f38a,5,2,"September, 14","September, 14",True,"['September, 14', 'September, 14', 'September, 14']","[True, True, True]"
3e7c54c8-ee87-40b8-a094-7b6dd953f38a,6,1,"May, 15","May, 15",True,"['May, 15', 'May, 15', 'May, 15']","[True, True, True]"
3e7c54c8-ee87-40b8-a094-7b6dd953f38a,7,4,"May, 18","June, 15",False,"['May, 18', 'No solution', 'No solution']","[True, False, False]"
3e7c54c8-ee87-40b8-a094-7b6dd953f38a,8,3,"September, 15",I don't know,False,"['September, 15', 'No solution', 'September, 15']","[True, False, True]"
431ddd08-65c9-4ff9-b3a4-cb8d2df7d713,1,4,"May, 18","June, 14",False,"['May, 18', 'No solution', 'No solution']","[True, False, False]"
431ddd08-65c9-4ff9-b3a4-cb8d2df7d713,2,3,"September, 15",Multiple solutions,False,"['September, 15', 'No solution', 'September, 15']","[True, False, True]"
431ddd08-65c9-4ff9-b3a4-cb8d2df7d713,3,2,"September, 14",Multiple solutions,False,"['September, 14', 'September, 14', 'September, 14']","[True, True, True]"
431ddd08-65c9-4ff9-b3a4-cb8d2df7d713,4,1,"May, 15","May, 15",True,"['May, 15', 'May, 15', 'May, 15']","[True, True, True]"
431ddd08-65c9-4ff9-b3a4-cb8d2df7d713,5,2,"September, 14",Multiple solutions,False,"['September, 14', 'September, 14', 'September, 14']","[True, True, True]"
431ddd08-65c9-4ff9-b3a4-cb8d2df7d713,6,1,"May, 15","May, 15",True,"['May, 15', 'May, 15', 'May, 15']","[True, True, True]"
431ddd08-65c9-4ff9-b3a4-cb8d2df7d713,7,4,"May, 18","June, 15",False,"['May, 18', 'No solution', 'No solution']","[True, False, False]"
431ddd08-65c9-4ff9-b3a4-cb8d2df7d713,8,3,"September, 15",Multiple solutions,False,"['September, 15', 'No solution', 'September, 15']","[True, False, True]"
471df42d-8ebc-4932-bc76-5a21e7fc1488,1,2,"September, 14","September, 14",True,"['September, 14', 'September, 14', 'September, 14']","[True, True, True]"
471df42d-8ebc-4932-bc76-5a21e7fc1488,2,1,"May, 15","May, 15",True,"['May, 15', 'May, 15', 'May, 15']","[True, True, True]"
471df42d-8ebc-4932-bc76-5a21e7fc1488,3,4,"May, 18","June, 15",False,"['May, 18', 'No solution', 'No solution']","[True, False, False]"
471df42d-8ebc-4932-bc76-5a21e7fc1488,4,3,"September, 15","September, 16",False,"['September, 15', 'No solution', 'September, 15']","[True, False, True]"
471df42d-8ebc-4932-bc76-5a21e7fc1488,5,2,"September, 14","September, 14",True,"['September, 14', 'September, 14', 'September, 14']","[True, True, True]"
471df42d-8ebc-4932-bc76-5a21e7fc1488,6,1,"May, 15","May, 15",True,"['May, 15', 'May, 15', 'May, 15']","[True, True, True]"
471df42d-8ebc-4932-bc76-5a21e7fc1488,7,4,"May, 18","June, 15",False,"['May, 18', 'No solution', 'No solution']","[True, False, False]"
471df42d-8ebc-4932-bc76-5a21e7fc1488,8,3,"September, 15","June, 15",False,"['September, 15', 'No solution', 'September, 15']","[True, False, True]"
47b4b758-854c-4038-9a4d-326ef2e4957c,1,2,"September, 14","September, 14",True,"['September, 14', 'September, 14', 'September, 14']","[True, True, True]"
47b4b758-854c-4038-9a4d-326ef2e4957c,2,1,"May, 15","May, 15",True,"['May, 15', 'May, 15', 'May, 15']","[True, True, True]"
47b4b758-854c-4038-9a4d-326ef2e4957c,3,4,"May, 18","June, 15",False,"['May, 18', 'No solution', 'No solution']","[True, False, False]"
47b4b758-854c-4038-9a4d-326ef2e4957c,4,3,"September, 15",No solution,False,"['September, 15', 'No solution', 'September, 15']","[True, False, True]"
47b4b758-854c-4038-9a4d-326ef2e4957c,5,2,"September, 14","September, 14",True,"['September, 14', 'September, 14', 'September, 14']","[True, True, True]"
47b4b758-854c-4038-9a4d-326ef2e4957c,6,3,"September, 15",Multiple solutions,False,"['September, 15', 'No solution', 'September, 15']","[True, False, True]"
47b4b758-854c-4038-9a4d-326ef2e4957c,7,4,"May, 18","June, 15",False,"['May, 18', 'No solution', 'No solution']","[True, False, False]"
6a581df9-6165-4c4e-b274-e5cc3990367e,1,2,"September, 14","June, 14",False,"['September, 14', 'September, 14', 'September, 14']","[True, True, True]"
6a581df9-6165-4c4e-b274-e5cc3990367e,2,4,"May, 18","June, 15",False,"['May, 18', 'No solution', 'No solution']","[True, False, False]"
6a581df9-6165-4c4e-b274-e5cc3990367e,3,1,"May, 15",No solution,False,"['May, 15', 'May, 15', 'May, 15']","[True, True, True]"
6a581df9-6165-4c4e-b274-e5cc3990367e,4,3,"September, 15",Multiple solutions,False,"['September, 15', 'No solution', 'September, 15']","[True, False, True]"
6a581df9-6165-4c4e-b274-e5cc3990367e,5,4,"May, 18",Multiple solutions,False,"['May, 18', 'No solution', 'No solution']","[True, False, False]"
6a581df9-6165-4c4e-b274-e5cc3990367e,6,1,"May, 15","May, 15",True,"['May, 15', 'May, 15', 'May, 15']","[True, True, True]"
6a581df9-6165-4c4e-b274-e5cc3990367e,7,2,"September, 14",No solution,False,"['September, 14', 'September, 14', 'September, 14']","[True, True, True]"
6a581df9-6165-4c4e-b274-e5cc3990367e,8,3,"September, 15",No solution,False,"['September, 15', 'No solution', 'September, 15']","[True, False, True]"
6a6382f3-5ca6-4976-8e5d-3dc85aa68bf4,1,4,"May, 18",No solution,False,"['May, 18', 'No solution', 'No solution']","[True, False, False]"
6a6382f3-5ca6-4976-8e5d-3dc85aa68bf4,2,3,"September, 15",Multiple solutions,False,"['September, 15', 'No solution', 'September, 15']","[True, False, True]"
6a6382f3-5ca6-4976-8e5d-3dc85aa68bf4,3,1,"May, 15","May, 15",True,"['May, 15', 'May, 15', 'May, 15']","[True, True, True]"
6a6382f3-5ca6-4976-8e5d-3dc85aa68bf4,4,2,"September, 14","September, 14",True,"['September, 14', 'September, 14', 'September, 14']","[True, True, True]"
6a6382f3-5ca6-4976-8e5d-3dc85aa68bf4,5,2,"September, 14","September, 14",True,"['September, 14', 'September, 14', 'September, 14']","[True, True, True]"
6a6382f3-5ca6-4976-8e5d-3dc85aa68bf4,6,4,"May, 18",No solution,False,"['May, 18', 'No solution', 'No solution']","[True, False, False]"
6a6382f3-5ca6-4976-8e5d-3dc85aa68bf4,7,1,"May, 15","May, 15",True,"['May, 15', 'May, 15', 'May, 15']","[True, True, True]"
6a6382f3-5ca6-4976-8e5d-3dc85aa68bf4,8,3,"September, 15","September, 15",True,"['September, 15', 'No solution', 'September, 15']","[True, False, True]"
74b7cfdb-2c87-4d9f-848a-f5464655f5fd,1,3,"September, 15",Multiple solutions,False,"['September, 15', 'No solution', 'September, 15']","[True, False, True]"
74b7cfdb-2c87-4d9f-848a-f5464655f5fd,2,1,"May, 15","May, 15",True,"['May, 15', 'May, 15', 'May, 15']","[True, True, True]"
74b7cfdb-2c87-4d9f-848a-f5464655f5fd,3,4,"May, 18","June, 15",False,"['May, 18', 'No solution', 'No solution']","[True, False, False]"
74b7cfdb-2c87-4d9f-848a-f5464655f5fd,4,2,"September, 14","September, 14",True,"['September, 14', 'September, 14', 'September, 14']","[True, True, True]"
74b7cfdb-2c87-4d9f-848a-f5464655f5fd,5,4,"May, 18","June, 15",False,"['May, 18', 'No solution', 'No solution']","[True, False, False]"
74b7cfdb-2c87-4d9f-848a-f5464655f5fd,6,3,"September, 15","May, 15",False,"['September, 15', 'No solution', 'September, 15']","[True, False, True]"
74b7cfdb-2c87-4d9f-848a-f5464655f5fd,7,2,"September, 14","September, 14",True,"['September, 14', 'September, 14', 'September, 14']","[True, True, True]"
74b7cfdb-2c87-4d9f-848a-f5464655f5fd,8,1,"May, 15","May, 15",True,"['May, 15', 'May, 15', 'May, 15']","[True, True, True]"
78094eb5-51f9-4192-a3a5-8be52861c298,1,2,"September, 14",Multiple solutions,False,"['September, 14', 'September, 14', 'September, 14']","[True, True, True]"
78094eb5-51f9-4192-a3a5-8be52861c298,2,4,"May, 18","July, 18",False,"['May, 18', 'No solution', 'No solution']","[True, False, False]"
78094eb5-51f9-4192-a3a5-8be52861c298,3,1,"May, 15","May, 15",True,"['May, 15', 'May, 15', 'May, 15']","[True, True, True]"
78094eb5-51f9-4192-a3a5-8be52861c298,4,3,"September, 15",Multiple solutions,False,"['September, 15', 'No solution', 'September, 15']","[True, False, True]"
78094eb5-51f9-4192-a3a5-8be52861c298,5,4,"May, 18","June, 15",False,"['May, 18', 'No solution', 'No solution']","[True, False, False]"
78094eb5-51f9-4192-a3a5-8be52861c298,6,1,"May, 15","May, 15",True,"['May, 15', 'May, 15', 'May, 15']","[True, True, True]"
78094eb5-51f9-4192-a3a5-8be52861c298,7,2,"September, 14","September, 14",True,"['September, 14', 'September, 14', 'September, 14']","[True, True, True]"
78094eb5-51f9-4192-a3a5-8be52861c298,8,3,"September, 15",Multiple solutions,False,"['September, 15', 'No solution', 'September, 15']","[True, False, True]"
7ea08aed-7747-4ff2-8589-0ff247d3a2c9,1,3,"September, 15",Multiple solutions,False,"['September, 15', 'No solution', 'September, 15']","[True, False, True]"
7ea08aed-7747-4ff2-8589-0ff247d3a2c9,2,4,"May, 18",Multiple solutions,False,"['May, 18', 'No solution', 'No solution']","[True, False, False]"
7ea08aed-7747-4ff2-8589-0ff247d3a2c9,3,1,"May, 15","May, 15",True,"['May, 15', 'May, 15', 'May, 15']","[True, True, True]"
7ea08aed-7747-4ff2-8589-0ff247d3a2c9,4,2,"September, 14","September, 14",True,"['September, 14', 'September, 14', 'September, 14']","[True, True, True]"
7ea08aed-7747-4ff2-8589-0ff247d3a2c9,5,2,"September, 14","September, 14",True,"['September, 14', 'September, 14', 'September, 14']","[True, True, True]"
7ea08aed-7747-4ff2-8589-0ff247d3a2c9,6,4,"May, 18","June, 15",False,"['May, 18', 'No solution', 'No solution']","[True, False, False]"
7ea08aed-7747-4ff2-8589-0ff247d3a2c9,7,1,"May, 15","May, 15",True,"['May, 15', 'May, 15', 'May, 15']","[True, True, True]"
80e1166a-ffe7-4e2c-a616-cb22c8b49f97,1,4,"May, 18","June, 15",False,"['May, 18', 'No solution', 'No solution']","[True, False, False]"
80e1166a-ffe7-4e2c-a616-cb22c8b49f97,2,3,"September, 15","May, 15",False,"['September, 15', 'No solution', 'September, 15']","[True, False, True]"
80e1166a-ffe7-4e2c-a616-cb22c8b49f97,3,2,"September, 14","May, 18",False,"['September, 14', 'September, 14', 'September, 14']","[True, True, True]"
80e1166a-ffe7-4e2c-a616-cb22c8b49f97,4,1,"May, 15","May, 15",True,"['May, 15', 'May, 15', 'May, 15']","[True, True, True]"
80e1166a-ffe7-4e2c-a616-cb22c8b49f97,5,4,"May, 18","July, 17",False,"['May, 18', 'No solution', 'No solution']","[True, False, False]"
80e1166a-ffe7-4e2c-a616-cb22c8b49f97,6,3,"September, 15","August, 14",False,"['September, 15', 'No solution', 'September, 15']","[True, False, True]"
80e1166a-ffe7-4e2c-a616-cb22c8b49f97,7,1,"May, 15","May, 15",True,"['May, 15', 'May, 15', 'May, 15']","[True, True, True]"
80e1166a-ffe7-4e2c-a616-cb22c8b49f97,8,2,"September, 14","September, 15",False,"['September, 14', 'September, 14', 'September, 14']","[True, True, True]"
83ceb570-0017-452a-9ff8-b3b581db7dd8,1,3,"September, 15","September, 15",True,"['September, 15', 'No solution', 'September, 15']","[True, False, True]"
83ceb570-0017-452a-9ff8-b3b581db7dd8,2,4,"May, 18","June, 15",False,"['May, 18', 'No solution', 'No solution']","[True, False, False]"
83ceb570-0017-452a-9ff8-b3b581db7dd8,3,1,"May, 15","May, 15",True,"['May, 15', 'May, 15', 'May, 15']","[True, True, True]"
83ceb570-0017-452a-9ff8-b3b581db7dd8,4,2,"September, 14","September, 14",True,"['September, 14', 'September, 14', 'September, 14']","[True, True, True]"
83ceb570-0017-452a-9ff8-b3b581db7dd8,5,4,"May, 18","May, 15",False,"['May, 18', 'No solution', 'No solution']","[True, False, False]"
83ceb570-0017-452a-9ff8-b3b581db7dd8,6,1,"May, 15","May, 15",True,"['May, 15', 'May, 15', 'May, 15']","[True, True, True]"
83ceb570-0017-452a-9ff8-b3b581db7dd8,7,2,"September, 14","September, 15",False,"['September, 14', 'September, 14', 'September, 14']","[True, True, True]"
83ceb570-0017-452a-9ff8-b3b581db7dd8,8,3,"September, 15","September, 15",True,"['September, 15', 'No solution', 'September, 15']","[True, False, True]"
84b90b4e-3697-4e16-9213-0dc33dc20aa8,1,3,"September, 15","September, 15",True,"['September, 15', 'No solution', 'September, 15']","[True, False, True]"
84b90b4e-3697-4e16-9213-0dc33dc20aa8,2,1,"May, 15","May, 15",True,"['May, 15', 'May, 15', 'May, 15']","[True, True, True]"
84b90b4e-3697-4e16-9213-0dc33dc20aa8,3,4,"May, 18","June, 15",False,"['May, 18', 'No solution', 'No solution']","[True, False, False]"
84b90b4e-3697-4e16-9213-0dc33dc20aa8,4,2,"September, 14","September, 15",False,"['September, 14', 'September, 14', 'September, 14']","[True, True, True]"
84b90b4e-3697-4e16-9213-0dc33dc20aa8,5,4,"May, 18","June, 14",False,"['May, 18', 'No solution', 'No solution']","[True, False, False]"
84b90b4e-3697-4e16-9213-0dc33dc20aa8,6,1,"May, 15","May, 15",True,"['May, 15', 'May, 15', 'May, 15']","[True, True, True]"
84b90b4e-3697-4e16-9213-0dc33dc20aa8,7,2,"September, 14","September, 14",True,"['September, 14', 'September, 14', 'September, 14']","[True, True, True]"
84b90b4e-3697-4e16-9213-0dc33dc20aa8,8,3,"September, 15","June, 17",False,"['September, 15', 'No solution', 'September, 15']","[True, False, True]"
8bbb90ca-bf78-4590-8949-e4ca93cdeedb,1,3,"September, 15","September, 15",True,"['September, 15', 'No solution', 'September, 15']","[True, False, True]"
8bbb90ca-bf78-4590-8949-e4ca93cdeedb,2,4,"May, 18","July, 18",False,"['May, 18', 'No solution', 'No solution']","[True, False, False]"
8bbb90ca-bf78-4590-8949-e4ca93cdeedb,3,1,"May, 15","May, 15",True,"['May, 15', 'May, 15', 'May, 15']","[True, True, True]"
8bbb90ca-bf78-4590-8949-e4ca93cdeedb,4,2,"September, 14","September, 14",True,"['September, 14', 'September, 14', 'September, 14']","[True, True, True]"
8bbb90ca-bf78-4590-8949-e4ca93cdeedb,5,2,"September, 14","September, 14",True,"['September, 14', 'September, 14', 'September, 14']","[True, True, True]"
8bbb90ca-bf78-4590-8949-e4ca93cdeedb,6,3,"September, 15","September, 15",True,"['September, 15', 'No solution', 'September, 15']","[True, False, True]"
8bbb90ca-bf78-4590-8949-e4ca93cdeedb,7,4,"May, 18","May, 18",True,"['May, 18', 'No solution', 'No solution']","[True, False, False]"
8bbb90ca-bf78-4590-8949-e4ca93cdeedb,8,1,"May, 15","May, 15",True,"['May, 15', 'May, 15', 'May, 15']","[True, True, True]"
8d014bd3-bd01-4121-a5bb-504526b4461c,1,2,"September, 14","September, 14",True,"['September, 14', 'September, 14', 'September, 14']","[True, True, True]"
8d014bd3-bd01-4121-a5bb-504526b4461c,2,4,"May, 18",Multiple solutions,False,"['May, 18', 'No solution', 'No solution']","[True, False, False]"
8d014bd3-bd01-4121-a5bb-504526b4461c,3,1,"May, 15","May, 15",True,"['May, 15', 'May, 15', 'May, 15']","[True, True, True]"
8d014bd3-bd01-4121-a5bb-504526b4461c,4,3,"September, 15","September, 15",True,"['September, 15', 'No solution', 'September, 15']","[True, False, True]"
8d014bd3-bd01-4121-a5bb-504526b4461c,5,3,"September, 15","July, 16",False,"['September, 15', 'No solution', 'September, 15']","[True, False, True]"
8d014bd3-bd01-4121-a5bb-504526b4461c,6,4,"May, 18","July, 17",False,"['May, 18', 'No solution', 'No solution']","[True, False, False]"
8d014bd3-bd01-4121-a5bb-504526b4461c,7,1,"May, 15","May, 15",True,"['May, 15', 'May, 15', 'May, 15']","[True, True, True]"
8d014bd3-bd01-4121-a5bb-504526b4461c,8,2,"September, 14","September, 14",True,"['September, 14', 'September, 14', 'September, 14']","[True, True, True]"
8f2170ed-71ae-4bfd-b88b-74c2b5371364,1,4,"May, 18",No solution,False,"['May, 18', 'No solution', 'No solution']","[True, False, False]"
8f2170ed-71ae-4bfd-b88b-74c2b5371364,2,1,"May, 15","May, 15",True,"['May, 15', 'May, 15', 'May, 15']","[True, True, True]"
8f2170ed-71ae-4bfd-b88b-74c2b5371364,3,2,"September, 14","September, 14",True,"['September, 14', 'September, 14', 'September, 14']","[True, True, True]"
8f2170ed-71ae-4bfd-b88b-74c2b5371364,4,3,"September, 15","September, 15",True,"['September, 15', 'No solution', 'September, 15']","[True, False, True]"
8f2170ed-71ae-4bfd-b88b-74c2b5371364,5,2,"September, 14","September, 14",True,"['September, 14', 'September, 14', 'September, 14']","[True, True, True]"
8f2170ed-71ae-4bfd-b88b-74c2b5371364,6,1,"May, 15","May, 15",True,"['May, 15', 'May, 15', 'May, 15']","[True, True, True]"
8f2170ed-71ae-4bfd-b88b-74c2b5371364,7,4,"May, 18","May, 15",False,"['May, 18', 'No solution', 'No solution']","[True, False, False]"
8f2170ed-71ae-4bfd-b88b-74c2b5371364,8,3,"September, 15","September, 15",True,"['September, 15', 'No solution', 'September, 15']","[True, False, True]"
99b0bbca-98bc-43f5-91f0-216c5c912b3d,1,3,"September, 15","September, 16",False,"['September, 15', 'No solution', 'September, 15']","[True, False, True]"
99b0bbca-98bc-43f5-91f0-216c5c912b3d,2,4,"May, 18","August, 16",False,"['May, 18', 'No solution', 'No solution']","[True, False, False]"
99b0bbca-98bc-43f5-91f0-216c5c912b3d,3,2,"September, 14","June, 14",False,"['September, 14', 'September, 14', 'September, 14']","[True, True, True]"
99b0bbca-98bc-43f5-91f0-216c5c912b3d,4,1,"May, 15","May, 15",True,"['May, 15', 'May, 15', 'May, 15']","[True, True, True]"
99b0bbca-98bc-43f5-91f0-216c5c912b3d,5,4,"May, 18","June, 14",False,"['May, 18', 'No solution', 'No solution']","[True, False, False]"
99b0bbca-98bc-43f5-91f0-216c5c912b3d,6,3,"September, 15","August, 16",False,"['September, 15', 'No solution', 'September, 15']","[True, False, True]"
99b0bbca-98bc-43f5-91f0-216c5c912b3d,7,1,"May, 15","May, 15",True,"['May, 15', 'May, 15', 'May, 15']","[True, True, True]"
99b0bbca-98bc-43f5-91f0-216c5c912b3d,8,2,"September, 14","June, 14",False,"['September, 14', 'September, 14', 'September, 14']","[True, True, True]"
a12c5539-5e74-4a54-b450-8161d1b9187b,1,4,"May, 18","June, 15",False,"['May, 18', 'No solution', 'No solution']","[True, False, False]"
a12c5539-5e74-4a54-b450-8161d1b9187b,2,3,"September, 15","September, 15",True,"['September, 15', 'No solution', 'September, 15']","[True, False, True]"
a12c5539-5e74-4a54-b450-8161d1b9187b,3,1,"May, 15","May, 15",True,"['May, 15', 'May, 15', 'May, 15']","[True, True, True]"
a12c5539-5e74-4a54-b450-8161d1b9187b,4,2,"September, 14","September, 14",True,"['September, 14', 'September, 14', 'September, 14']","[True, True, True]"
a12c5539-5e74-4a54-b450-8161d1b9187b,5,4,"May, 18","June, 15",False,"['May, 18', 'No solution', 'No solution']","[True, False, False]"
a12c5539-5e74-4a54-b450-8161d1b9187b,6,1,"May, 15","May, 15",True,"['May, 15', 'May, 15', 'May, 15']","[True, True, True]"
a12c5539-5e74-4a54-b450-8161d1b9187b,7,2,"September, 14","September, 14",True,"['September, 14', 'September, 14', 'September, 14']","[True, True, True]"
a12c5539-5e74-4a54-b450-8161d1b9187b,8,3,"September, 15","May, 15",False,"['September, 15', 'No solution', 'September, 15']","[True, False, True]"
a578be9d-148d-4fde-bc15-3a98d2b1e357,1,4,"May, 18","June, 15",False,"['May, 18', 'No solution', 'No solution']","[True, False, False]"
a578be9d-148d-4fde-bc15-3a98d2b1e357,2,1,"May, 15",Multiple solutions,False,"['May, 15', 'May, 15', 'May, 15']","[True, True, True]"
a578be9d-148d-4fde-bc15-3a98d2b1e357,3,2,"September, 14","September, 14",True,"['September, 14', 'September, 14', 'September, 14']","[True, True, True]"
a578be9d-148d-4fde-bc15-3a98d2b1e357,4,3,"September, 15","September, 15",True,"['September, 15', 'No solution', 'September, 15']","[True, False, True]"
a578be9d-148d-4fde-bc15-3a98d2b1e357,5,3,"September, 15","September, 15",True,"['September, 15', 'No solution', 'September, 15']","[True, False, True]"
a578be9d-148d-4fde-bc15-3a98d2b1e357,6,4,"May, 18","May, 15",False,"['May, 18', 'No solution', 'No solution']","[True, False, False]"
a578be9d-148d-4fde-bc15-3a98d2b1e357,7,1,"May, 15","May, 15",True,"['May, 15', 'May, 15', 'May, 15']","[True, True, True]"
a578be9d-148d-4fde-bc15-3a98d2b1e357,8,2,"September, 14","September, 14",True,"['September, 14', 'September, 14', 'September, 14']","[True, True, True]"
b1652888-500b-4c3b-b411-e22260db3a76,1,3,"September, 15",Multiple solutions,False,"['September, 15', 'No solution', 'September, 15']","[True, False, True]"
b1652888-500b-4c3b-b411-e22260db3a76,2,4,"May, 18",Multiple solutions,False,"['May, 18', 'No solution', 'No solution']","[True, False, False]"
b1652888-500b-4c3b-b411-e22260db3a76,3,1,"May, 15","May, 15",True,"['May, 15', 'May, 15', 'May, 15']","[True, True, True]"
b1652888-500b-4c3b-b411-e22260db3a76,4,2,"September, 14","September, 14",True,"['September, 14', 'September, 14', 'September, 14']","[True, True, True]"
b1652888-500b-4c3b-b411-e22260db3a76,5,2,"September, 14","September, 14",True,"['September, 14', 'September, 14', 'September, 14']","[True, True, True]"
b1652888-500b-4c3b-b411-e22260db3a76,6,3,"September, 15","September, 15",True,"['September, 15', 'No solution', 'September, 15']","[True, False, True]"
b1652888-500b-4c3b-b411-e22260db3a76,7,4,"May, 18",Multiple solutions,False,"['May, 18', 'No solution', 'No solution']","[True, False, False]"
b1652888-500b-4c3b-b411-e22260db3a76,8,1,"May, 15","May, 15",True,"['May, 15', 'May, 15', 'May, 15']","[True, True, True]"
b2d5c0d5-7873-4952-8914-dd64821c4e29,1,3,"September, 15",No solution,False,"['September, 15', 'No solution', 'September, 15']","[True, False, True]"
b2d5c0d5-7873-4952-8914-dd64821c4e29,2,1,"May, 15",Multiple solutions,False,"['May, 15', 'May, 15', 'May, 15']","[True, True, True]"
b2d5c0d5-7873-4952-8914-dd64821c4e29,3,4,"May, 18",I don't know,False,"['May, 18', 'No solution', 'No solution']","[True, False, False]"
b2d5c0d5-7873-4952-8914-dd64821c4e29,4,2,"September, 14",Multiple solutions,False,"['September, 14', 'September, 14', 'September, 14']","[True, True, True]"
b2d5c0d5-7873-4952-8914-dd64821c4e29,5,4,"May, 18",Multiple solutions,False,"['May, 18', 'No solution', 'No solution']","[True, False, False]"
b2d5c0d5-7873-4952-8914-dd64821c4e29,6,1,"May, 15",I don't know,False,"['May, 15', 'May, 15', 'May, 15']","[True, True, True]"
b2d5c0d5-7873-4952-8914-dd64821c4e29,7,2,"September, 14",Multiple solutions,False,"['September, 14', 'September, 14', 'September, 14']","[True, True, True]"
b2d5c0d5-7873-4952-8914-dd64821c4e29,8,3,"September, 15",Multiple solutions,False,"['September, 15', 'No solution', 'September, 15']","[True, False, True]"
b33d3521-54ae-44c8-95d9-e1d1e10b9b05,1,3,"September, 15",Multiple solutions,False,"['September, 15', 'No solution', 'September, 15']","[True, False, True]"
b33d3521-54ae-44c8-95d9-e1d1e10b9b05,2,4,"May, 18","July, 17",False,"['May, 18', 'No solution', 'No solution']","[True, False, False]"
b33d3521-54ae-44c8-95d9-e1d1e10b9b05,3,2,"September, 14",No solution,False,"['September, 14', 'September, 14', 'September, 14']","[True, True, True]"
b33d3521-54ae-44c8-95d9-e1d1e10b9b05,4,1,"May, 15","September, 18",False,"['May, 15', 'May, 15', 'May, 15']","[True, True, True]"
b33d3521-54ae-44c8-95d9-e1d1e10b9b05,5,3,"September, 15",Multiple solutions,False,"['September, 15', 'No solution', 'September, 15']","[True, False, True]"
b33d3521-54ae-44c8-95d9-e1d1e10b9b05,6,4,"May, 18","August, 16",False,"['May, 18', 'No solution', 'No solution']","[True, False, False]"
b33d3521-54ae-44c8-95d9-e1d1e10b9b05,7,2,"September, 14","August, 15",False,"['September, 14', 'September, 14', 'September, 14']","[True, True, True]"
b33d3521-54ae-44c8-95d9-e1d1e10b9b05,8,1,"May, 15","May, 16",False,"['May, 15', 'May, 15', 'May, 15']","[True, True, True]"
b4c3c5a1-e8d3-4253-bc8d-03baf2599d31,1,4,"May, 18","June, 14",False,"['May, 18', 'No solution', 'No solution']","[True, False, False]"
b4c3c5a1-e8d3-4253-bc8d-03baf2599d31,2,3,"September, 15","September, 15",True,"['September, 15', 'No solution', 'September, 15']","[True, False, True]"
b4c3c5a1-e8d3-4253-bc8d-03baf2599d31,3,1,"May, 15","May, 15",True,"['May, 15', 'May, 15', 'May, 15']","[True, True, True]"
b4c3c5a1-e8d3-4253-bc8d-03baf2599d31,4,2,"September, 14","September, 14",True,"['September, 14', 'September, 14', 'September, 14']","[True, True, True]"
b4c3c5a1-e8d3-4253-bc8d-03baf2599d31,5,2,"September, 14","September, 14",True,"['September, 14', 'September, 14', 'September, 14']","[True, True, True]"
b4c3c5a1-e8d3-4253-bc8d-03baf2599d31,6,3,"September, 15","September, 15",True,"['September, 15', 'No solution', 'September, 15']","[True, False, True]"
b4c3c5a1-e8d3-4253-bc8d-03baf2599d31,7,4,"May, 18","May, 15",False,"['May, 18', 'No solution', 'No solution']","[True, False, False]"
bb3c375b-8140-4740-96e4-f7a0ef85e4ef,1,4,"May, 18","June, 14",False,"['May, 18', 'No solution', 'No solution']","[True, False, False]"
bb3c375b-8140-4740-96e4-f7a0ef85e4ef,2,1,"May, 15","May, 15",True,"['May, 15', 'May, 15', 'May, 15']","[True, True, True]"
bb3c375b-8140-4740-96e4-f7a0ef85e4ef,3,2,"September, 14","September, 14",True,"['September, 14', 'September, 14', 'September, 14']","[True, True, True]"
bb3c375b-8140-4740-96e4-f7a0ef85e4ef,4,3,"September, 15","September, 15",True,"['September, 15', 'No solution', 'September, 15']","[True, False, True]"
bb3c375b-8140-4740-96e4-f7a0ef85e4ef,5,4,"May, 18","June, 15",False,"['May, 18', 'No solution', 'No solution']","[True, False, False]"
bb3c375b-8140-4740-96e4-f7a0ef85e4ef,6,1,"May, 15","May, 15",True,"['May, 15', 'May, 15', 'May, 15']","[True, True, True]"
bb3c375b-8140-4740-96e4-f7a0ef85e4ef,7,2,"September, 14","September, 14",True,"['September, 14', 'September, 14', 'September, 14']","[True, True, True]"
bb3c375b-8140-4740-96e4-f7a0ef85e4ef,8,3,"September, 15","September, 15",True,"['September, 15', 'No solution', 'September, 15']","[True, False, True]"
c3af7deb-ef7c-4658-a11f-daadd58fe68e,1,4,"May, 18","June, 14",False,"['May, 18', 'No solution', 'No solution']","[True, False, False]"
c3af7deb-ef7c-4658-a11f-daadd58fe68e,2,3,"September, 15",Multiple solutions,False,"['September, 15', 'No solution', 'September, 15']","[True, False, True]"
c3af7deb-ef7c-4658-a11f-daadd58fe68e,3,2,"September, 14",Multiple solutions,False,"['September, 14', 'September, 14', 'September, 14']","[True, True, True]"
c3af7deb-ef7c-4658-a11f-daadd58fe68e,4,1,"May, 15","May, 15",True,"['May, 15', 'May, 15', 'May, 15']","[True, True, True]"
c3af7deb-ef7c-4658-a11f-daadd58fe68e,5,2,"September, 14","September, 14",True,"['September, 14', 'September, 14', 'September, 14']","[True, True, True]"
c3af7deb-ef7c-4658-a11f-daadd58fe68e,6,3,"September, 15","May, 18",False,"['September, 15', 'No solution', 'September, 15']","[True, False, True]"
c3af7deb-ef7c-4658-a11f-daadd58fe68e,7,4,"May, 18",Multiple solutions,False,"['May, 18', 'No solution', 'No solution']","[True, False, False]"
c3af7deb-ef7c-4658-a11f-daadd58fe68e,8,1,"May, 15","May, 15",True,"['May, 15', 'May, 15', 'May, 15']","[True, True, True]"
c494590b-db82-4625-b1f9-77c818d1c7d3,1,2,"September, 14","June, 14",False,"['September, 14', 'September, 14', 'September, 14']","[True, True, True]"
c494590b-db82-4625-b1f9-77c818d1c7d3,2,3,"September, 15","July, 14",False,"['September, 15', 'No solution', 'September, 15']","[True, False, True]"
c494590b-db82-4625-b1f9-77c818d1c7d3,3,4,"May, 18","August, 16",False,"['May, 18', 'No solution', 'No solution']","[True, False, False]"
c494590b-db82-4625-b1f9-77c818d1c7d3,4,1,"May, 15","May, 15",True,"['May, 15', 'May, 15', 'May, 15']","[True, True, True]"
c494590b-db82-4625-b1f9-77c818d1c7d3,5,2,"September, 14","September, 14",True,"['September, 14', 'September, 14', 'September, 14']","[True, True, True]"
c494590b-db82-4625-b1f9-77c818d1c7d3,6,3,"September, 15","September, 15",True,"['September, 15', 'No solution', 'September, 15']","[True, False, True]"
c494590b-db82-4625-b1f9-77c818d1c7d3,7,4,"May, 18","May, 15",False,"['May, 18', 'No solution', 'No solution']","[True, False, False]"
c494590b-db82-4625-b1f9-77c818d1c7d3,8,1,"May, 15","May, 15",True,"['May, 15', 'May, 15', 'May, 15']","[True, True, True]"
c4c3adaf-f429-4745-822c-79aadeeb6766,1,3,"September, 15",No solution,False,"['September, 15', 'No solution', 'September, 15']","[True, False, True]"
c4c3adaf-f429-4745-822c-79aadeeb6766,2,4,"May, 18",No solution,False,"['May, 18', 'No solution', 'No solution']","[True, False, False]"
c4c3adaf-f429-4745-822c-79aadeeb6766,3,1,"May, 15",Multiple solutions,False,"['May, 15', 'May, 15', 'May, 15']","[True, True, True]"
c4c3adaf-f429-4745-822c-79aadeeb6766,4,2,"September, 14",Multiple solutions,False,"['September, 14', 'September, 14', 'September, 14']","[True, True, True]"
c4c3adaf-f429-4745-822c-79aadeeb6766,5,4,"May, 18",I don't know,False,"['May, 18', 'No solution', 'No solution']","[True, False, False]"
c4c3adaf-f429-4745-822c-79aadeeb6766,6,1,"May, 15","May, 15",True,"['May, 15', 'May, 15', 'May, 15']","[True, True, True]"
c4c3adaf-f429-4745-822c-79aadeeb6766,7,2,"September, 14",Multiple solutions,False,"['September, 14', 'September, 14', 'September, 14']","[True, True, True]"
c79f6643-b3c4-4b72-b62f-b73c3250972a,1,2,"September, 14",No solution,False,"['September, 14', 'September, 14', 'September, 14']","[True, True, True]"
c79f6643-b3c4-4b72-b62f-b73c3250972a,2,4,"May, 18",Multiple solutions,False,"['May, 18', 'No solution', 'No solution']","[True, False, False]"
c79f6643-b3c4-4b72-b62f-b73c3250972a,3,1,"May, 15",Multiple solutions,False,"['May, 15', 'May, 15', 'May, 15']","[True, True, True]"
c79f6643-b3c4-4b72-b62f-b73c3250972a,4,3,"September, 15",Multiple solutions,False,"['September, 15', 'No solution', 'September, 15']","[True, False, True]"
c79f6643-b3c4-4b72-b62f-b73c3250972a,5,4,"May, 18",Multiple solutions,False,"['May, 18', 'No solution', 'No solution']","[True, False, False]"
c79f6643-b3c4-4b72-b62f-b73c3250972a,6,1,"May, 15",Multiple solutions,False,"['May, 15', 'May, 15', 'May, 15']","[True, True, True]"
c79f6643-b3c4-4b72-b62f-b73c3250972a,7,2,"September, 14",Multiple solutions,False,"['September, 14', 'September, 14', 'September, 14']","[True, True, True]"
c79f6643-b3c4-4b72-b62f-b73c3250972a,8,3,"September, 15",Multiple solutions,False,"['September, 15', 'No solution', 'September, 15']","[True, False, True]"
c8802d14-b876-4a4f-8473-ba34cb854c00,1,3,"September, 15","September, 15",True,"['September, 15', 'No solution', 'September, 15']","[True, False, True]"
c8802d14-b876-4a4f-8473-ba34cb854c00,2,4,"May, 18","July, 17",False,"['May, 18', 'No solution', 'No solution']","[True, False, False]"
c8802d14-b876-4a4f-8473-ba34cb854c00,3,1,"May, 15","May, 15",True,"['May, 15', 'May, 15', 'May, 15']","[True, True, True]"
c8802d14-b876-4a4f-8473-ba34cb854c00,4,2,"September, 14","September, 14",True,"['September, 14', 'September, 14', 'September, 14']","[True, True, True]"
c8802d14-b876-4a4f-8473-ba34cb854c00,5,2,"September, 14","September, 14",True,"['September, 14', 'September, 14', 'September, 14']","[True, True, True]"
c8802d14-b876-4a4f-8473-ba34cb854c00,6,4,"May, 18","July, 17",False,"['May, 18', 'No solution', 'No solution']","[True, False, False]"
c8802d14-b876-4a4f-8473-ba34cb854c00,7,1,"May, 15","May, 15",True,"['May, 15', 'May, 15', 'May, 15']","[True, True, True]"
c8802d14-b876-4a4f-8473-ba34cb854c00,8,3,"September, 15","September, 15",True,"['September, 15', 'No solution', 'September, 15']","[True, False, True]"
cd848cce-3388-40c0-97a6-2a2bf3f281b1,1,2,"September, 14","September, 15",False,"['September, 14', 'September, 14', 'September, 14']","[True, True, True]"
cd848cce-3388-40c0-97a6-2a2bf3f281b1,2,1,"May, 15","May, 15",True,"['May, 15', 'May, 15', 'May, 15']","[True, True, True]"
cd848cce-3388-40c0-97a6-2a2bf3f281b1,3,4,"May, 18","May, 15",False,"['May, 18', 'No solution', 'No solution']","[True, False, False]"
cd848cce-3388-40c0-97a6-2a2bf3f281b1,4,3,"September, 15","September, 15",True,"['September, 15', 'No solution', 'September, 15']","[True, False, True]"
cd848cce-3388-40c0-97a6-2a2bf3f281b1,5,3,"September, 15","September, 15",True,"['September, 15', 'No solution', 'September, 15']","[True, False, True]"
cd848cce-3388-40c0-97a6-2a2bf3f281b1,6,1,"May, 15","May, 15",True,"['May, 15', 'May, 15', 'May, 15']","[True, True, True]"
cd848cce-3388-40c0-97a6-2a2bf3f281b1,7,4,"May, 18","May, 15",False,"['May, 18', 'No solution', 'No solution']","[True, False, False]"
cd848cce-3388-40c0-97a6-2a2bf3f281b1,8,2,"September, 14","September, 15",False,"['September, 14', 'September, 14', 'September, 14']","[True, True, True]"
d2bb468b-8651-402b-bb49-a40f87eeb58a,1,3,"September, 15","May, 18",False,"['September, 15', 'No solution', 'September, 15']","[True, False, True]"
d2bb468b-8651-402b-bb49-a40f87eeb58a,2,4,"May, 18","June, 14",False,"['May, 18', 'No solution', 'No solution']","[True, False, False]"
d2bb468b-8651-402b-bb49-a40f87eeb58a,3,2,"September, 14","June, 14",False,"['September, 14', 'September, 14', 'September, 14']","[True, True, True]"
d2bb468b-8651-402b-bb49-a40f87eeb58a,4,1,"May, 15",Multiple solutions,False,"['May, 15', 'May, 15', 'May, 15']","[True, True, True]"
d2bb468b-8651-402b-bb49-a40f87eeb58a,5,4,"May, 18","June, 14",False,"['May, 18', 'No solution', 'No solution']","[True, False, False]"
d2bb468b-8651-402b-bb49-a40f87eeb58a,6,1,"May, 15","May, 15",True,"['May, 15', 'May, 15', 'May, 15']","[True, True, True]"
d2bb468b-8651-402b-bb49-a40f87eeb58a,7,2,"September, 14","September, 14",True,"['September, 14', 'September, 14', 'September, 14']","[True, True, True]"
d2bb468b-8651-402b-bb49-a40f87eeb58a,8,3,"September, 15","September, 16",False,"['September, 15', 'No solution', 'September, 15']","[True, False, True]"
d9395d6d-f019-42ea-bdda-927bea4eda51,1,4,"May, 18",Multiple solutions,False,"['May, 18', 'No solution', 'No solution']","[True, False, False]"
d9395d6d-f019-42ea-bdda-927bea4eda51,2,3,"September, 15","August, 14",False,"['September, 15', 'No solution', 'September, 15']","[True, False, True]"
d9395d6d-f019-42ea-bdda-927bea4eda51,3,2,"September, 14","September, 14",True,"['September, 14', 'September, 14', 'September, 14']","[True, True, True]"
d9395d6d-f019-42ea-bdda-927bea4eda51,4,1,"May, 15","May, 15",True,"['May, 15', 'May, 15', 'May, 15']","[True, True, True]"
d9395d6d-f019-42ea-bdda-927bea4eda51,5,2,"September, 14","September, 15",False,"['September, 14', 'September, 14', 'September, 14']","[True, True, True]"
d9395d6d-f019-42ea-bdda-927bea4eda51,6,1,"May, 15","May, 15",True,"['May, 15', 'May, 15', 'May, 15']","[True, True, True]"
d9395d6d-f019-42ea-bdda-927bea4eda51,7,4,"May, 18","August, 17",False,"['May, 18', 'No solution', 'No solution']","[True, False, False]"
d9395d6d-f019-42ea-bdda-927bea4eda51,8,3,"September, 15","June, 15",False,"['September, 15', 'No solution', 'September, 15']","[True, False, True]"
e3e33cdd-6063-49f1-98af-fa3634abe463,1,2,"September, 14",No solution,False,"['September, 14', 'September, 14', 'September, 14']","[True, True, True]"
e3e33cdd-6063-49f1-98af-fa3634abe463,2,4,"May, 18","June, 15",False,"['May, 18', 'No solution', 'No solution']","[True, False, False]"
e3e33cdd-6063-49f1-98af-fa3634abe463,3,1,"May, 15","May, 15",True,"['May, 15', 'May, 15', 'May, 15']","[True, True, True]"
e3e33cdd-6063-49f1-98af-fa3634abe463,4,3,"September, 15",Multiple solutions,False,"['September, 15', 'No solution', 'September, 15']","[True, False, True]"
e3e33cdd-6063-49f1-98af-fa3634abe463,5,2,"September, 14",Multiple solutions,False,"['September, 14', 'September, 14', 'September, 14']","[True, True, True]"
e3e33cdd-6063-49f1-98af-fa3634abe463,6,4,"May, 18",Multiple solutions,False,"['May, 18', 'No solution', 'No solution']","[True, False, False]"
e3e33cdd-6063-49f1-98af-fa3634abe463,7,1,"May, 15","May, 15",True,"['May, 15', 'May, 15', 'May, 15']","[True, True, True]"
e3e33cdd-6063-49f1-98af-fa3634abe463,8,3,"September, 15","September, 15",True,"['September, 15', 'No solution', 'September, 15']","[True, False, True]"
e99ebf9b-b32d-4c07-b85e-f0c07c3bcdaf,1,3,"September, 15",Multiple solutions,False,"['September, 15', 'No solution', 'September, 15']","[True, False, True]"
e99ebf9b-b32d-4c07-b85e-f0c07c3bcdaf,2,1,"May, 15","May, 15",True,"['May, 15', 'May, 15', 'May, 15']","[True, True, True]"
e99ebf9b-b32d-4c07-b85e-f0c07c3bcdaf,3,4,"May, 18",Multiple solutions,False,"['May, 18', 'No solution', 'No solution']","[True, False, False]"
e99ebf9b-b32d-4c07-b85e-f0c07c3bcdaf,4,2,"September, 14","September, 14",True,"['September, 14', 'September, 14', 'September, 14']","[True, True, True]"
e99ebf9b-b32d-4c07-b85e-f0c07c3bcdaf,5,3,"September, 15","September, 15",True,"['September, 15', 'No solution', 'September, 15']","[True, False, True]"
e99ebf9b-b32d-4c07-b85e-f0c07c3bcdaf,6,4,"May, 18","June, 14",False,"['May, 18', 'No solution', 'No solution']","[True, False, False]"
e99ebf9b-b32d-4c07-b85e-f0c07c3bcdaf,7,2,"September, 14","September, 14",True,"['September, 14', 'September, 14', 'September, 14']","[True, True, True]"
e99ebf9b-b32d-4c07-b85e-f0c07c3bcdaf,8,1,"May, 15","May, 15",True,"['May, 15', 'May, 15', 'May, 15']","[True, True, True]"
f0625205-3623-4874-9322-6400b0b18e73,1,4,"May, 18",Multiple solutions,False,"['May, 18', 'No solution', 'No solution']","[True, False, False]"
f0625205-3623-4874-9322-6400b0b18e73,2,3,"September, 15","September, 15",True,"['September, 15', 'No solution', 'September, 15']","[True, False, True]"
f0625205-3623-4874-9322-6400b0b18e73,3,2,"September, 14","September, 14",True,"['September, 14', 'September, 14', 'September, 14']","[True, True, True]"
f0625205-3623-4874-9322-6400b0b18e73,4,1,"May, 15","May, 15",True,"['May, 15', 'May, 15', 'May, 15']","[True, True, True]"
f0625205-3623-4874-9322-6400b0b18e73,5,3,"September, 15",Multiple solutions,False,"['September, 15', 'No solution', 'September, 15']","[True, False, True]"
f0625205-3623-4874-9322-6400b0b18e73,6,4,"May, 18","May, 15",False,"['May, 18', 'No solution', 'No solution']","[True, False, False]"
f0625205-3623-4874-9322-6400b0b18e73,7,2,"September, 14","September, 14",True,"['September, 14', 'September, 14', 'September, 14']","[True, True, True]"
f0625205-3623-4874-9322-6400b0b18e73,8,1,"May, 15","May, 15",True,"['May, 15', 'May, 15', 'May, 15']","[True, True, True]"
f834612a-b2cc-4180-8687-c10351d6d19c,1,2,"September, 14","August, 17",False,"['September, 14', 'September, 14', 'September, 14']","[True, True, True]"
f834612a-b2cc-4180-8687-c10351d6d19c,2,4,"May, 18","September, 17",False,"['May, 18', 'No solution', 'No solution']","[True, False, False]"
f834612a-b2cc-4180-8687-c10351d6d19c,3,1,"May, 15","June, 17",False,"['May, 15', 'May, 15', 'May, 15']","[True, True, True]"
f834612a-b2cc-4180-8687-c10351d6d19c,4,3,"September, 15","September, 15",True,"['September, 15', 'No solution', 'September, 15']","[True, False, True]"
f834612a-b2cc-4180-8687-c10351d6d19c,5,3,"September, 15",I don't know,False,"['September, 15', 'No solution', 'September, 15']","[True, False, True]"
f834612a-b2cc-4180-8687-c10351d6d19c,6,4,"May, 18","May, 15",False,"['May, 18', 'No solution', 'No solution']","[True, False, False]"
f834612a-b2cc-4180-8687-c10351d6d19c,7,1,"May, 15","May, 15",True,"['May, 15', 'May, 15', 'May, 15']","[True, True, True]"
f834612a-b2cc-4180-8687-c10351d6d19c,8,2,"September, 14","May, 17",False,"['September, 14', 'September, 14', 'September, 14']","[True, True, True]"
f9cf5e5a-710b-4775-aa50-52947e5bd4ed,1,2,"September, 14",No solution,False,"['September, 14', 'September, 14', 'September, 14']","[True, True, True]"
f9cf5e5a-710b-4775-aa50-52947e5bd4ed,2,1,"May, 15","May, 15",True,"['May, 15', 'May, 15', 'May, 15']","[True, True, True]"
f9cf5e5a-710b-4775-aa50-52947e5bd4ed,3,4,"May, 18",Multiple solutions,False,"['May, 18', 'No solution', 'No solution']","[True, False, False]"
f9cf5e5a-710b-4775-aa50-52947e5bd4ed,4,3,"September, 15",Multiple solutions,False,"['September, 15', 'No solution', 'September, 15']","[True, False, True]"
f9cf5e5a-710b-4775-aa50-52947e5bd4ed,5,3,"September, 15",Multiple solutions,False,"['September, 15', 'No solution', 'September, 15']","[True, False, True]"
f9cf5e5a-710b-4775-aa50-52947e5bd4ed,6,4,"May, 18","July, 18",False,"['May, 18', 'No solution', 'No solution']","[True, False, False]"
f9cf5e5a-710b-4775-aa50-52947e5bd4ed,7,1,"May, 15","May, 15",True,"['May, 15', 'May, 15', 'May, 15']","[True, True, True]"
f9cf5e5a-710b-4775-aa50-52947e5bd4ed,8,2,"September, 14",No solution,False,"['September, 14', 'September, 14', 'September, 14']","[True, True, True]"
fbbb16d6-24fd-48cd-9aa6-ab4a694d0a20,1,4,"May, 18","June, 15",False,"['May, 18', 'No solution', 'No solution']","[True, False, False]"
fbbb16d6-24fd-48cd-9aa6-ab4a694d0a20,2,1,"May, 15","May, 15",True,"['May, 15', 'May, 15', 'May, 15']","[True, True, True]"
fbbb16d6-24fd-48cd-9aa6-ab4a694d0a20,3,2,"September, 14","September, 14",True,"['September, 14', 'September, 14', 'September, 14']","[True, True, True]"
fbbb16d6-24fd-48cd-9aa6-ab4a694d0a20,4,3,"September, 15",Multiple solutions,False,"['September, 15', 'No solution', 'September, 15']","[True, False, True]"
fc83dcca-d19d-4bdd-802a-ce43304606e9,1,2,"September, 14","September, 14",True,"['September, 14', 'September, 14', 'September, 14']","[True, True, True]"
fc83dcca-d19d-4bdd-802a-ce43304606e9,2,1,"May, 15","May, 15",True,"['May, 15', 'May, 15', 'May, 15']","[True, True, True]"
fc83dcca-d19d-4bdd-802a-ce43304606e9,3,4,"May, 18","June, 15",False,"['May, 18', 'No solution', 'No solution']","[True, False, False]"
fc83dcca-d19d-4bdd-802a-ce43304606e9,4,3,"September, 15","September, 15",True,"['September, 15', 'No solution', 'September, 15']","[True, False, True]"
fc83dcca-d19d-4bdd-802a-ce43304606e9,5,3,"September, 15","September, 15",True,"['September, 15', 'No solution', 'September, 15']","[True, False, True]"
fc83dcca-d19d-4bdd-802a-ce43304606e9,6,4,"May, 18","June, 14",False,"['May, 18', 'No solution', 'No solution']","[True, False, False]"
